,mean_fit_time,mean_test_score,mean_train_score,batch_size,hidden_layer_sizes,learning_rate_init,momentum,random_state,best_match_batch_size,best_match_hidden_layer_sizes,best_match_learning_rate_init,best_match_momentum,best_match_random_state
0,0.8250193119049072,-0.13169538639739956,-0.1294440175767654,8,"(16,)",1e-04,1e-04,1,True,False,False,True,True
1,0.7978758335113525,-0.13169538639739956,-0.1294440175767654,8,"(16,)",1e-04,0.00097162795,1,True,False,False,False,True
2,0.7776041507720948,-0.13169538639739956,-0.1294440175767654,8,"(16,)",1e-04,0.009440608,1,True,False,False,False,True
3,0.7390117645263672,-0.13169538639739956,-0.1294440175767654,8,"(16,)",1e-04,0.09172759,1,True,False,False,False,True
4,0.7586467266082764,-0.13169538639739956,-0.1294440175767654,8,"(16,)",1e-04,0.8912509,1,True,False,False,False,True
5,0.45783143043518065,-0.12775738177365467,-0.12633671371519437,8,"(16,)",0.0005623413,1e-04,1,True,False,True,True,True
6,0.470440149307251,-0.12775738177365467,-0.12633671371519437,8,"(16,)",0.0005623413,0.00097162795,1,True,False,True,False,True
7,0.4722906112670898,-0.12775738177365467,-0.12633671371519437,8,"(16,)",0.0005623413,0.009440608,1,True,False,True,False,True
8,0.46153621673583983,-0.12775738177365467,-0.12633671371519437,8,"(16,)",0.0005623413,0.09172759,1,True,False,True,False,True
9,0.45472397804260256,-0.12775738177365467,-0.12633671371519437,8,"(16,)",0.0005623413,0.8912509,1,True,False,True,False,True
10,0.6628023147583008,-0.08068917637719018,-0.07428944550428343,8,"(16,)",0.0031622776,1e-04,1,True,False,False,True,True
11,0.6526581764221191,-0.08068917637719018,-0.07428944550428343,8,"(16,)",0.0031622776,0.00097162795,1,True,False,False,False,True
12,0.6618440628051758,-0.08068917637719018,-0.07428944550428343,8,"(16,)",0.0031622776,0.009440608,1,True,False,False,False,True
13,0.6665304660797119,-0.08068917637719018,-0.07428944550428343,8,"(16,)",0.0031622776,0.09172759,1,True,False,False,False,True
14,0.6682323932647705,-0.08068917637719018,-0.07428944550428343,8,"(16,)",0.0031622776,0.8912509,1,True,False,False,False,True
15,0.8237597465515136,-0.07994495817661842,-0.06538291114118114,8,"(16,)",0.017782794,1e-04,1,True,False,False,True,True
16,0.8561889171600342,-0.07994495817661842,-0.06538291114118114,8,"(16,)",0.017782794,0.00097162795,1,True,False,False,False,True
17,0.9510135650634766,-0.07994495817661842,-0.06538291114118114,8,"(16,)",0.017782794,0.009440608,1,True,False,False,False,True
18,0.9115447044372559,-0.07994495817661842,-0.06538291114118114,8,"(16,)",0.017782794,0.09172759,1,True,False,False,False,True
19,0.8979959487915039,-0.07994495817661842,-0.06538291114118114,8,"(16,)",0.017782794,0.8912509,1,True,False,False,False,True
20,0.5774854183197021,-0.09179448922614634,-0.0864706889240411,8,"(16,)",0.1,1e-04,1,True,False,False,True,True
21,0.5727153301239014,-0.09179448922614634,-0.0864706889240411,8,"(16,)",0.1,0.00097162795,1,True,False,False,False,True
22,0.5532998085021973,-0.09179448922614634,-0.0864706889240411,8,"(16,)",0.1,0.009440608,1,True,False,False,False,True
23,0.5464344978332519,-0.09179448922614634,-0.0864706889240411,8,"(16,)",0.1,0.09172759,1,True,False,False,False,True
24,0.5374879837036133,-0.09179448922614634,-0.0864706889240411,8,"(16,)",0.1,0.8912509,1,True,False,False,False,True
25,0.7885365009307861,-0.0982639543189043,-0.09702561526223336,8,"(32,)",1e-04,1e-04,1,True,False,False,True,True
26,0.8155034065246582,-0.0982639543189043,-0.09702561526223336,8,"(32,)",1e-04,0.00097162795,1,True,False,False,False,True
27,0.8209574222564697,-0.0982639543189043,-0.09702561526223336,8,"(32,)",1e-04,0.009440608,1,True,False,False,False,True
28,0.85204176902771,-0.0982639543189043,-0.09702561526223336,8,"(32,)",1e-04,0.09172759,1,True,False,False,False,True
29,0.9158062934875488,-0.0982639543189043,-0.09702561526223336,8,"(32,)",1e-04,0.8912509,1,True,False,False,False,True
30,0.9248940467834472,-0.08144072142758109,-0.07568561840077308,8,"(32,)",0.0005623413,1e-04,1,True,False,True,True,True
31,0.8631408214569092,-0.08144072142758109,-0.07568561840077308,8,"(32,)",0.0005623413,0.00097162795,1,True,False,True,False,True
32,0.9281603336334229,-0.08144072142758109,-0.07568561840077308,8,"(32,)",0.0005623413,0.009440608,1,True,False,True,False,True
33,0.9279314994812011,-0.08144072142758109,-0.07568561840077308,8,"(32,)",0.0005623413,0.09172759,1,True,False,True,False,True
34,0.9572741508483886,-0.08144072142758109,-0.07568561840077308,8,"(32,)",0.0005623413,0.8912509,1,True,False,True,False,True
35,0.6135104656219482,-0.07908630571972732,-0.07146810660627187,8,"(32,)",0.0031622776,1e-04,1,True,False,False,True,True
36,0.6535056114196778,-0.07908630571972732,-0.07146810660627187,8,"(32,)",0.0031622776,0.00097162795,1,True,False,False,False,True
37,0.6604773998260498,-0.07908630571972732,-0.07146810660627187,8,"(32,)",0.0031622776,0.009440608,1,True,False,False,False,True
38,0.5933374404907227,-0.07908630571972732,-0.07146810660627187,8,"(32,)",0.0031622776,0.09172759,1,True,False,False,False,True
39,0.6562124252319336,-0.07908630571972732,-0.07146810660627187,8,"(32,)",0.0031622776,0.8912509,1,True,False,False,False,True
40,0.664625883102417,-0.08539628454562154,-0.07047617664375146,8,"(32,)",0.017782794,1e-04,1,True,False,False,True,True
41,0.675974178314209,-0.08539628454562154,-0.07047617664375146,8,"(32,)",0.017782794,0.00097162795,1,True,False,False,False,True
42,0.7418764591217041,-0.08539628454562154,-0.07047617664375146,8,"(32,)",0.017782794,0.009440608,1,True,False,False,False,True
43,0.6709187984466553,-0.08539628454562154,-0.07047617664375146,8,"(32,)",0.017782794,0.09172759,1,True,False,False,False,True
44,0.6810974597930908,-0.08539628454562154,-0.07047617664375146,8,"(32,)",0.017782794,0.8912509,1,True,False,False,False,True
45,0.6965498924255371,-0.09371188209234631,-0.08350644962637783,8,"(32,)",0.1,1e-04,1,True,False,False,True,True
46,0.6576977729797363,-0.09371188209234631,-0.08350644962637783,8,"(32,)",0.1,0.00097162795,1,True,False,False,False,True
47,0.6681614875793457,-0.09371188209234631,-0.08350644962637783,8,"(32,)",0.1,0.009440608,1,True,False,False,False,True
48,0.6667079448699951,-0.09371188209234631,-0.08350644962637783,8,"(32,)",0.1,0.09172759,1,True,False,False,False,True
49,0.6738505840301514,-0.09371188209234631,-0.08350644962637783,8,"(32,)",0.1,0.8912509,1,True,False,False,False,True
50,0.5619424343109131,-0.1969686023810727,-0.19623783749616208,8,"(64,)",1e-04,1e-04,1,True,False,False,True,True
51,0.5864632606506348,-0.1969686023810727,-0.19623783749616208,8,"(64,)",1e-04,0.00097162795,1,True,False,False,False,True
52,0.6027411937713623,-0.1969686023810727,-0.19623783749616208,8,"(64,)",1e-04,0.009440608,1,True,False,False,False,True
53,0.5991373062133789,-0.1969686023810727,-0.19623783749616208,8,"(64,)",1e-04,0.09172759,1,True,False,False,False,True
54,0.5934670448303223,-0.1969686023810727,-0.19623783749616208,8,"(64,)",1e-04,0.8912509,1,True,False,False,False,True
55,0.5218786716461181,-0.1021436227296593,-0.10097677326568569,8,"(64,)",0.0005623413,1e-04,1,True,False,True,True,True
56,0.5122663974761963,-0.1021436227296593,-0.10097677326568569,8,"(64,)",0.0005623413,0.00097162795,1,True,False,True,False,True
57,0.5212664604187012,-0.1021436227296593,-0.10097677326568569,8,"(64,)",0.0005623413,0.009440608,1,True,False,True,False,True
58,0.5048510551452636,-0.1021436227296593,-0.10097677326568569,8,"(64,)",0.0005623413,0.09172759,1,True,False,True,False,True
59,0.4968217372894287,-0.1021436227296593,-0.10097677326568569,8,"(64,)",0.0005623413,0.8912509,1,True,False,True,False,True
60,0.5532668113708497,-0.08033432158808818,-0.07243062600769783,8,"(64,)",0.0031622776,1e-04,1,True,False,False,True,True
61,0.5648437976837158,-0.08033432158808818,-0.07243062600769783,8,"(64,)",0.0031622776,0.00097162795,1,True,False,False,False,True
62,0.6683023929595947,-0.08033432158808818,-0.07243062600769783,8,"(64,)",0.0031622776,0.009440608,1,True,False,False,False,True
63,0.6182451725006104,-0.08033432158808818,-0.07243062600769783,8,"(64,)",0.0031622776,0.09172759,1,True,False,False,False,True
64,0.5936105728149415,-0.08033432158808818,-0.07243062600769783,8,"(64,)",0.0031622776,0.8912509,1,True,False,False,False,True
65,0.6880722045898438,-0.08011250690162923,-0.0665816731837258,8,"(64,)",0.017782794,1e-04,1,True,False,False,True,True
66,0.683056640625,-0.08011250690162923,-0.0665816731837258,8,"(64,)",0.017782794,0.00097162795,1,True,False,False,False,True
67,0.685333251953125,-0.08011250690162923,-0.0665816731837258,8,"(64,)",0.017782794,0.009440608,1,True,False,False,False,True
68,0.6941701412200928,-0.08011250690162923,-0.0665816731837258,8,"(64,)",0.017782794,0.09172759,1,True,False,False,False,True
69,0.7144626140594482,-0.08011250690162923,-0.0665816731837258,8,"(64,)",0.017782794,0.8912509,1,True,False,False,False,True
70,0.934440803527832,-0.10289940920645953,-0.07950722923888234,8,"(64,)",0.1,1e-04,1,True,False,False,True,True
71,0.9690022945404053,-0.10289940920645953,-0.07950722923888234,8,"(64,)",0.1,0.00097162795,1,True,False,False,False,True
72,0.9612823963165283,-0.10289940920645953,-0.07950722923888234,8,"(64,)",0.1,0.009440608,1,True,False,False,False,True
73,0.9314445495605469,-0.10289940920645953,-0.07950722923888234,8,"(64,)",0.1,0.09172759,1,True,False,False,False,True
74,0.9641828536987305,-0.10289940920645953,-0.07950722923888234,8,"(64,)",0.1,0.8912509,1,True,False,False,False,True
75,0.8716466903686524,-0.14508438246442384,-0.14457769378282287,8,"(32, 16)",1e-04,1e-04,1,True,False,False,True,True
76,0.8605253219604492,-0.14508438246442384,-0.14457769378282287,8,"(32, 16)",1e-04,0.00097162795,1,True,False,False,False,True
77,0.9299890041351319,-0.14508438246442384,-0.14457769378282287,8,"(32, 16)",1e-04,0.009440608,1,True,False,False,False,True
78,0.8786218643188477,-0.14508438246442384,-0.14457769378282287,8,"(32, 16)",1e-04,0.09172759,1,True,False,False,False,True
79,0.8527303695678711,-0.14508438246442384,-0.14457769378282287,8,"(32, 16)",1e-04,0.8912509,1,True,False,False,False,True
80,1.0337934970855713,-0.08700186627815365,-0.0813683821081936,8,"(32, 16)",0.0005623413,1e-04,1,True,False,True,True,True
81,1.0748030185699462,-0.08700186627815365,-0.0813683821081936,8,"(32, 16)",0.0005623413,0.00097162795,1,True,False,True,False,True
82,1.078382396697998,-0.08700186627815365,-0.0813683821081936,8,"(32, 16)",0.0005623413,0.009440608,1,True,False,True,False,True
83,1.0886416912078858,-0.08700186627815365,-0.0813683821081936,8,"(32, 16)",0.0005623413,0.09172759,1,True,False,True,False,True
84,1.1318121433258057,-0.08700186627815365,-0.0813683821081936,8,"(32, 16)",0.0005623413,0.8912509,1,True,False,True,False,True
85,1.6468400955200195,-0.08334086147795008,-0.05854087912965389,8,"(32, 16)",0.0031622776,1e-04,1,True,False,False,True,True
86,1.591611957550049,-0.08334086147795008,-0.05854087912965389,8,"(32, 16)",0.0031622776,0.00097162795,1,True,False,False,False,True
87,1.5904096126556397,-0.08334086147795008,-0.05854087912965389,8,"(32, 16)",0.0031622776,0.009440608,1,True,False,False,False,True
88,1.585369062423706,-0.08334086147795008,-0.05854087912965389,8,"(32, 16)",0.0031622776,0.09172759,1,True,False,False,False,True
89,1.726623249053955,-0.08334086147795008,-0.05854087912965389,8,"(32, 16)",0.0031622776,0.8912509,1,True,False,False,False,True
90,1.2685936450958253,-0.0873734160343063,-0.07123433635659296,8,"(32, 16)",0.017782794,1e-04,1,True,False,False,True,True
91,1.5883120536804198,-0.0873734160343063,-0.07123433635659296,8,"(32, 16)",0.017782794,0.00097162795,1,True,False,False,False,True
92,1.144732666015625,-0.0873734160343063,-0.07123433635659296,8,"(32, 16)",0.017782794,0.009440608,1,True,False,False,False,True
93,1.074824047088623,-0.0873734160343063,-0.07123433635659296,8,"(32, 16)",0.017782794,0.09172759,1,True,False,False,False,True
94,1.1165731430053711,-0.0873734160343063,-0.07123433635659296,8,"(32, 16)",0.017782794,0.8912509,1,True,False,False,False,True
95,1.2309570789337159,-0.15451861823904972,-0.12424912505920563,8,"(32, 16)",0.1,1e-04,1,True,False,False,True,True
96,1.23394455909729,-0.15451861823904972,-0.12424912505920563,8,"(32, 16)",0.1,0.00097162795,1,True,False,False,False,True
97,1.3059293270111083,-0.15451861823904972,-0.12424912505920563,8,"(32, 16)",0.1,0.009440608,1,True,False,False,False,True
98,1.4254976272583009,-0.15451861823904972,-0.12424912505920563,8,"(32, 16)",0.1,0.09172759,1,True,False,False,False,True
99,1.3372932434082032,-0.15451861823904972,-0.12424912505920563,8,"(32, 16)",0.1,0.8912509,1,True,False,False,False,True
100,0.8662810325622559,-0.11995838386120546,-0.11896169376713706,8,"(32, 32)",1e-04,1e-04,1,True,False,False,True,True
101,0.8461036682128906,-0.11995838386120546,-0.11896169376713706,8,"(32, 32)",1e-04,0.00097162795,1,True,False,False,False,True
102,0.8654323577880859,-0.11995838386120546,-0.11896169376713706,8,"(32, 32)",1e-04,0.009440608,1,True,False,False,False,True
103,0.8983489990234375,-0.11995838386120546,-0.11896169376713706,8,"(32, 32)",1e-04,0.09172759,1,True,False,False,False,True
104,0.8979589939117432,-0.11995838386120546,-0.11896169376713706,8,"(32, 32)",1e-04,0.8912509,1,True,False,False,False,True
105,1.0194828033447265,-0.0830347115478022,-0.07556015980418251,8,"(32, 32)",0.0005623413,1e-04,1,True,False,True,True,True
106,0.9633814811706543,-0.0830347115478022,-0.07556015980418251,8,"(32, 32)",0.0005623413,0.00097162795,1,True,False,True,False,True
107,0.9580944061279297,-0.0830347115478022,-0.07556015980418251,8,"(32, 32)",0.0005623413,0.009440608,1,True,False,True,False,True
108,0.9757311820983887,-0.0830347115478022,-0.07556015980418251,8,"(32, 32)",0.0005623413,0.09172759,1,True,False,True,False,True
109,0.9579851627349854,-0.0830347115478022,-0.07556015980418251,8,"(32, 32)",0.0005623413,0.8912509,1,True,False,True,False,True
110,0.8286518096923828,-0.08345223612188477,-0.07025702160565771,8,"(32, 32)",0.0031622776,1e-04,1,True,False,False,True,True
111,0.8387034893035888,-0.08345223612188477,-0.07025702160565771,8,"(32, 32)",0.0031622776,0.00097162795,1,True,False,False,False,True
112,0.8338348865509033,-0.08345223612188477,-0.07025702160565771,8,"(32, 32)",0.0031622776,0.009440608,1,True,False,False,False,True
113,0.8333724498748779,-0.08345223612188477,-0.07025702160565771,8,"(32, 32)",0.0031622776,0.09172759,1,True,False,False,False,True
114,0.8314582824707031,-0.08345223612188477,-0.07025702160565771,8,"(32, 32)",0.0031622776,0.8912509,1,True,False,False,False,True
115,1.297156858444214,-0.09062622907114201,-0.06948787969688694,8,"(32, 32)",0.017782794,1e-04,1,True,False,False,True,True
116,1.2912311553955078,-0.09062622907114201,-0.06948787969688694,8,"(32, 32)",0.017782794,0.00097162795,1,True,False,False,False,True
117,1.3208425045013428,-0.09062622907114201,-0.06948787969688694,8,"(32, 32)",0.017782794,0.009440608,1,True,False,False,False,True
118,1.3187236785888672,-0.09062622907114201,-0.06948787969688694,8,"(32, 32)",0.017782794,0.09172759,1,True,False,False,False,True
119,1.2761198043823243,-0.09062622907114201,-0.06948787969688694,8,"(32, 32)",0.017782794,0.8912509,1,True,False,False,False,True
120,1.121005392074585,-0.14083844179411792,-0.11826985795886673,8,"(32, 32)",0.1,1e-04,1,True,False,False,True,True
121,1.1094739437103271,-0.14083844179411792,-0.11826985795886673,8,"(32, 32)",0.1,0.00097162795,1,True,False,False,False,True
122,1.1228779792785644,-0.14083844179411792,-0.11826985795886673,8,"(32, 32)",0.1,0.009440608,1,True,False,False,False,True
123,1.1404988288879394,-0.14083844179411792,-0.11826985795886673,8,"(32, 32)",0.1,0.09172759,1,True,False,False,False,True
124,1.0788009643554688,-0.14083844179411792,-0.11826985795886673,8,"(32, 32)",0.1,0.8912509,1,True,False,False,False,True
125,0.8667404651641846,-0.17970128517035283,-0.17901149482846718,8,"(64, 32)",1e-04,1e-04,1,True,True,False,True,True
126,0.8515135288238526,-0.17970128517035283,-0.17901149482846718,8,"(64, 32)",1e-04,0.00097162795,1,True,True,False,False,True
127,0.8627042293548584,-0.17970128517035283,-0.17901149482846718,8,"(64, 32)",1e-04,0.009440608,1,True,True,False,False,True
128,0.8570195198059082,-0.17970128517035283,-0.17901149482846718,8,"(64, 32)",1e-04,0.09172759,1,True,True,False,False,True
129,0.859567928314209,-0.17970128517035283,-0.17901149482846718,8,"(64, 32)",1e-04,0.8912509,1,True,True,False,False,True
130,1.6279537677764893,-0.07596135710751598,-0.06110777101638966,8,"(64, 32)",0.0005623413,1e-04,1,True,True,True,True,True
131,1.6190248489379884,-0.07596135710751598,-0.06110777101638966,8,"(64, 32)",0.0005623413,0.00097162795,1,True,True,True,False,True
132,1.623285436630249,-0.07596135710751598,-0.06110777101638966,8,"(64, 32)",0.0005623413,0.009440608,1,True,True,True,False,True
133,1.634805965423584,-0.07596135710751598,-0.06110777101638966,8,"(64, 32)",0.0005623413,0.09172759,1,True,True,True,False,True
134,1.6631181716918946,-0.07596135710751598,-0.06110777101638966,8,"(64, 32)",0.0005623413,0.8912509,1,True,True,True,False,True
135,1.0297961711883545,-0.07988769626252237,-0.06670092562295729,8,"(64, 32)",0.0031622776,1e-04,1,True,True,False,True,True
136,1.0561324119567872,-0.07988769626252237,-0.06670092562295729,8,"(64, 32)",0.0031622776,0.00097162795,1,True,True,False,False,True
137,1.044572114944458,-0.07988769626252237,-0.06670092562295729,8,"(64, 32)",0.0031622776,0.009440608,1,True,True,False,False,True
138,1.0467518329620362,-0.07988769626252237,-0.06670092562295729,8,"(64, 32)",0.0031622776,0.09172759,1,True,True,False,False,True
139,1.0551494121551515,-0.07988769626252237,-0.06670092562295729,8,"(64, 32)",0.0031622776,0.8912509,1,True,True,False,False,True
140,1.2689393997192382,-0.08269808765152505,-0.06614529359795804,8,"(64, 32)",0.017782794,1e-04,1,True,True,False,True,True
141,1.25667405128479,-0.08269808765152505,-0.06614529359795804,8,"(64, 32)",0.017782794,0.00097162795,1,True,True,False,False,True
142,1.2452237606048584,-0.08269808765152505,-0.06614529359795804,8,"(64, 32)",0.017782794,0.009440608,1,True,True,False,False,True
143,1.2606919288635254,-0.08269808765152505,-0.06614529359795804,8,"(64, 32)",0.017782794,0.09172759,1,True,True,False,False,True
144,1.252631139755249,-0.08269808765152505,-0.06614529359795804,8,"(64, 32)",0.017782794,0.8912509,1,True,True,False,False,True
145,0.8966372013092041,-0.2803455527993397,-0.2772860259271863,8,"(64, 32)",0.1,1e-04,1,True,True,False,True,True
146,0.9080557823181152,-0.2803455527993397,-0.2772860259271863,8,"(64, 32)",0.1,0.00097162795,1,True,True,False,False,True
147,0.9356438636779785,-0.2803455527993397,-0.2772860259271863,8,"(64, 32)",0.1,0.009440608,1,True,True,False,False,True
148,0.916843843460083,-0.2803455527993397,-0.2772860259271863,8,"(64, 32)",0.1,0.09172759,1,True,True,False,False,True
149,0.8937702178955078,-0.2803455527993397,-0.2772860259271863,8,"(64, 32)",0.1,0.8912509,1,True,True,False,False,True
150,0.5817071437835694,-0.17481098210048396,-0.17155580962121103,16,"(16,)",1e-04,1e-04,1,False,False,False,True,True
151,0.600468921661377,-0.17481098210048396,-0.17155580962121103,16,"(16,)",1e-04,0.00097162795,1,False,False,False,False,True
152,0.5691514492034913,-0.17481098210048396,-0.17155580962121103,16,"(16,)",1e-04,0.009440608,1,False,False,False,False,True
153,0.5744136810302735,-0.17481098210048396,-0.17155580962121103,16,"(16,)",1e-04,0.09172759,1,False,False,False,False,True
154,0.5818490982055664,-0.17481098210048396,-0.17155580962121103,16,"(16,)",1e-04,0.8912509,1,False,False,False,False,True
155,0.3147474765777588,-0.12699506421470383,-0.1257818398941742,16,"(16,)",0.0005623413,1e-04,1,False,False,True,True,True
156,0.3208804130554199,-0.12699506421470383,-0.1257818398941742,16,"(16,)",0.0005623413,0.00097162795,1,False,False,True,False,True
157,0.33480277061462405,-0.12699506421470383,-0.1257818398941742,16,"(16,)",0.0005623413,0.009440608,1,False,False,True,False,True
158,0.35547966957092286,-0.12699506421470383,-0.1257818398941742,16,"(16,)",0.0005623413,0.09172759,1,False,False,True,False,True
159,0.336110782623291,-0.12699506421470383,-0.1257818398941742,16,"(16,)",0.0005623413,0.8912509,1,False,False,True,False,True
160,0.29279313087463377,-0.08823175983750228,-0.08496629691432164,16,"(16,)",0.0031622776,1e-04,1,False,False,False,True,True
161,0.3003488540649414,-0.08823175983750228,-0.08496629691432164,16,"(16,)",0.0031622776,0.00097162795,1,False,False,False,False,True
162,0.3066537857055664,-0.08823175983750228,-0.08496629691432164,16,"(16,)",0.0031622776,0.009440608,1,False,False,False,False,True
163,0.3305363178253174,-0.08823175983750228,-0.08496629691432164,16,"(16,)",0.0031622776,0.09172759,1,False,False,False,False,True
164,0.349056339263916,-0.08823175983750228,-0.08496629691432164,16,"(16,)",0.0031622776,0.8912509,1,False,False,False,False,True
165,0.4125537872314453,-0.08014059152593929,-0.0682842390322391,16,"(16,)",0.017782794,1e-04,1,False,False,False,True,True
166,0.3966674327850342,-0.08014059152593929,-0.0682842390322391,16,"(16,)",0.017782794,0.00097162795,1,False,False,False,False,True
167,0.420955753326416,-0.08014059152593929,-0.0682842390322391,16,"(16,)",0.017782794,0.009440608,1,False,False,False,False,True
168,0.4104000568389893,-0.08014059152593929,-0.0682842390322391,16,"(16,)",0.017782794,0.09172759,1,False,False,False,False,True
169,0.39615607261657715,-0.08014059152593929,-0.0682842390322391,16,"(16,)",0.017782794,0.8912509,1,False,False,False,False,True
170,0.46119112968444825,-0.08517941265720022,-0.07527082408676342,16,"(16,)",0.1,1e-04,1,False,False,False,True,True
171,0.4625529766082764,-0.08517941265720022,-0.07527082408676342,16,"(16,)",0.1,0.00097162795,1,False,False,False,False,True
172,0.4659450531005859,-0.08517941265720022,-0.07527082408676342,16,"(16,)",0.1,0.009440608,1,False,False,False,False,True
173,0.4574153423309326,-0.08517941265720022,-0.07527082408676342,16,"(16,)",0.1,0.09172759,1,False,False,False,False,True
174,0.4634525299072266,-0.08517941265720022,-0.07527082408676342,16,"(16,)",0.1,0.8912509,1,False,False,False,False,True
175,0.5159741401672363,-0.13680935367117447,-0.1347309038539771,16,"(32,)",1e-04,1e-04,1,False,False,False,True,True
176,0.5210312843322754,-0.13680935367117447,-0.1347309038539771,16,"(32,)",1e-04,0.00097162795,1,False,False,False,False,True
177,0.5684313297271728,-0.13680935367117447,-0.1347309038539771,16,"(32,)",1e-04,0.009440608,1,False,False,False,False,True
178,0.5397618293762207,-0.13680935367117447,-0.1347309038539771,16,"(32,)",1e-04,0.09172759,1,False,False,False,False,True
179,0.5202847957611084,-0.13680935367117447,-0.1347309038539771,16,"(32,)",1e-04,0.8912509,1,False,False,False,False,True
180,0.3556046962738037,-0.09244169704009858,-0.09023749859817912,16,"(32,)",0.0005623413,1e-04,1,False,False,True,True,True
181,0.3718919277191162,-0.09244169704009858,-0.09023749859817912,16,"(32,)",0.0005623413,0.00097162795,1,False,False,True,False,True
182,0.363126802444458,-0.09244169704009858,-0.09023749859817912,16,"(32,)",0.0005623413,0.009440608,1,False,False,True,False,True
183,0.35199742317199706,-0.09244169704009858,-0.09023749859817912,16,"(32,)",0.0005623413,0.09172759,1,False,False,True,False,True
184,0.3583944320678711,-0.09244169704009858,-0.09023749859817912,16,"(32,)",0.0005623413,0.8912509,1,False,False,True,False,True
185,0.3124560832977295,-0.08159613979864755,-0.07562656226019836,16,"(32,)",0.0031622776,1e-04,1,False,False,False,True,True
186,0.3163286209106445,-0.08159613979864755,-0.07562656226019836,16,"(32,)",0.0031622776,0.00097162795,1,False,False,False,False,True
187,0.319514799118042,-0.08159613979864755,-0.07562656226019836,16,"(32,)",0.0031622776,0.009440608,1,False,False,False,False,True
188,0.33234634399414065,-0.08159613979864755,-0.07562656226019836,16,"(32,)",0.0031622776,0.09172759,1,False,False,False,False,True
189,0.338946533203125,-0.08159613979864755,-0.07562656226019836,16,"(32,)",0.0031622776,0.8912509,1,False,False,False,False,True
190,0.3984508991241455,-0.07659517039492278,-0.06431922646018032,16,"(32,)",0.017782794,1e-04,1,False,False,False,True,True
191,0.39291958808898925,-0.07659517039492278,-0.06431922646018032,16,"(32,)",0.017782794,0.00097162795,1,False,False,False,False,True
192,0.36969819068908694,-0.07659517039492278,-0.06431922646018032,16,"(32,)",0.017782794,0.009440608,1,False,False,False,False,True
193,0.39180479049682615,-0.07659517039492278,-0.06431922646018032,16,"(32,)",0.017782794,0.09172759,1,False,False,False,False,True
194,0.39129462242126467,-0.07659517039492278,-0.06431922646018032,16,"(32,)",0.017782794,0.8912509,1,False,False,False,False,True
195,0.4286983013153076,-0.09022416623979132,-0.0748274499750154,16,"(32,)",0.1,1e-04,1,False,False,False,True,True
196,0.454683780670166,-0.09022416623979132,-0.0748274499750154,16,"(32,)",0.1,0.00097162795,1,False,False,False,False,True
197,0.44746785163879393,-0.09022416623979132,-0.0748274499750154,16,"(32,)",0.1,0.009440608,1,False,False,False,False,True
198,0.46109938621520996,-0.09022416623979132,-0.0748274499750154,16,"(32,)",0.1,0.09172759,1,False,False,False,False,True
199,0.4456500053405762,-0.09022416623979132,-0.0748274499750154,16,"(32,)",0.1,0.8912509,1,False,False,False,False,True
200,0.3895308494567871,-0.2046896363940248,-0.203829041047495,16,"(64,)",1e-04,1e-04,1,False,False,False,True,True
201,0.4602717399597168,-0.2046896363940248,-0.203829041047495,16,"(64,)",1e-04,0.00097162795,1,False,False,False,False,True
202,0.37953619956970214,-0.2046896363940248,-0.203829041047495,16,"(64,)",1e-04,0.009440608,1,False,False,False,False,True
203,0.36661567687988283,-0.2046896363940248,-0.203829041047495,16,"(64,)",1e-04,0.09172759,1,False,False,False,False,True
204,0.3625631809234619,-0.2046896363940248,-0.203829041047495,16,"(64,)",1e-04,0.8912509,1,False,False,False,False,True
205,0.31969456672668456,-0.1465302816351711,-0.1459101408559048,16,"(64,)",0.0005623413,1e-04,1,False,False,True,True,True
206,0.3177971839904785,-0.1465302816351711,-0.1459101408559048,16,"(64,)",0.0005623413,0.00097162795,1,False,False,True,False,True
207,0.2837071418762207,-0.1465302816351711,-0.1459101408559048,16,"(64,)",0.0005623413,0.009440608,1,False,False,True,False,True
208,0.29854249954223633,-0.1465302816351711,-0.1459101408559048,16,"(64,)",0.0005623413,0.09172759,1,False,False,True,False,True
209,0.2941895008087158,-0.1465302816351711,-0.1459101408559048,16,"(64,)",0.0005623413,0.8912509,1,False,False,True,False,True
210,0.2945705890655518,-0.08084674741873007,-0.0762813486669885,16,"(64,)",0.0031622776,1e-04,1,False,False,False,True,True
211,0.3031141757965088,-0.08084674741873007,-0.0762813486669885,16,"(64,)",0.0031622776,0.00097162795,1,False,False,False,False,True
212,0.30004005432128905,-0.08084674741873007,-0.0762813486669885,16,"(64,)",0.0031622776,0.009440608,1,False,False,False,False,True
213,0.29715843200683595,-0.08084674741873007,-0.0762813486669885,16,"(64,)",0.0031622776,0.09172759,1,False,False,False,False,True
214,0.29296326637268066,-0.08084674741873007,-0.0762813486669885,16,"(64,)",0.0031622776,0.8912509,1,False,False,False,False,True
215,0.4987807750701904,-0.08355762993574606,-0.06393643540189345,16,"(64,)",0.017782794,1e-04,1,False,False,False,True,True
216,0.5057132244110107,-0.08355762993574606,-0.06393643540189345,16,"(64,)",0.017782794,0.00097162795,1,False,False,False,False,True
217,0.5037627696990967,-0.08355762993574606,-0.06393643540189345,16,"(64,)",0.017782794,0.009440608,1,False,False,False,False,True
218,0.49027371406555176,-0.08355762993574606,-0.06393643540189345,16,"(64,)",0.017782794,0.09172759,1,False,False,False,False,True
219,0.4997561931610107,-0.08355762993574606,-0.06393643540189345,16,"(64,)",0.017782794,0.8912509,1,False,False,False,False,True
220,0.5166093349456787,-0.1024892108946652,-0.0848661636064016,16,"(64,)",0.1,1e-04,1,False,False,False,True,True
221,0.6151206970214844,-0.1024892108946652,-0.0848661636064016,16,"(64,)",0.1,0.00097162795,1,False,False,False,False,True
222,0.6749416828155518,-0.1024892108946652,-0.0848661636064016,16,"(64,)",0.1,0.009440608,1,False,False,False,False,True
223,0.49336919784545896,-0.1024892108946652,-0.0848661636064016,16,"(64,)",0.1,0.09172759,1,False,False,False,False,True
224,0.49927363395690916,-0.1024892108946652,-0.0848661636064016,16,"(64,)",0.1,0.8912509,1,False,False,False,False,True
225,0.5432600498199462,-0.16096909860872582,-0.16076345443087328,16,"(32, 16)",1e-04,1e-04,1,False,False,False,True,True
226,0.6442891597747803,-0.16096909860872582,-0.16076345443087328,16,"(32, 16)",1e-04,0.00097162795,1,False,False,False,False,True
227,0.6778786659240723,-0.16096909860872582,-0.16076345443087328,16,"(32, 16)",1e-04,0.009440608,1,False,False,False,False,True
228,0.5440410137176513,-0.16096909860872582,-0.16076345443087328,16,"(32, 16)",1e-04,0.09172759,1,False,False,False,False,True
229,0.5466265201568603,-0.16096909860872582,-0.16076345443087328,16,"(32, 16)",1e-04,0.8912509,1,False,False,False,False,True
230,0.5762040138244628,-0.1049487296402866,-0.10366270505616612,16,"(32, 16)",0.0005623413,1e-04,1,False,False,True,True,True
231,0.5801875591278076,-0.1049487296402866,-0.10366270505616612,16,"(32, 16)",0.0005623413,0.00097162795,1,False,False,True,False,True
232,0.5786932945251465,-0.1049487296402866,-0.10366270505616612,16,"(32, 16)",0.0005623413,0.009440608,1,False,False,True,False,True
233,0.5854164600372315,-0.1049487296402866,-0.10366270505616612,16,"(32, 16)",0.0005623413,0.09172759,1,False,False,True,False,True
234,0.5743138313293457,-0.1049487296402866,-0.10366270505616612,16,"(32, 16)",0.0005623413,0.8912509,1,False,False,True,False,True
235,0.8163272857666015,-0.08407225772913608,-0.05989518388250006,16,"(32, 16)",0.0031622776,1e-04,1,False,False,False,True,True
236,0.8074424743652344,-0.08407225772913608,-0.05989518388250006,16,"(32, 16)",0.0031622776,0.00097162795,1,False,False,False,False,True
237,0.8317767143249511,-0.08407225772913608,-0.05989518388250006,16,"(32, 16)",0.0031622776,0.009440608,1,False,False,False,False,True
238,0.8249053955078125,-0.08407225772913608,-0.05989518388250006,16,"(32, 16)",0.0031622776,0.09172759,1,False,False,False,False,True
239,0.8249217510223389,-0.08407225772913608,-0.05989518388250006,16,"(32, 16)",0.0031622776,0.8912509,1,False,False,False,False,True
240,0.6380818367004395,-0.08049283007697847,-0.0609005799734547,16,"(32, 16)",0.017782794,1e-04,1,False,False,False,True,True
241,0.6562625885009765,-0.08049283007697847,-0.0609005799734547,16,"(32, 16)",0.017782794,0.00097162795,1,False,False,False,False,True
242,0.6428566455841065,-0.08049283007697847,-0.0609005799734547,16,"(32, 16)",0.017782794,0.009440608,1,False,False,False,False,True
243,0.6366588115692139,-0.08049283007697847,-0.0609005799734547,16,"(32, 16)",0.017782794,0.09172759,1,False,False,False,False,True
244,0.6477848052978515,-0.08049283007697847,-0.0609005799734547,16,"(32, 16)",0.017782794,0.8912509,1,False,False,False,False,True
245,0.5477036476135254,-0.08949127157258405,-0.07448700528631483,16,"(32, 16)",0.1,1e-04,1,False,False,False,True,True
246,0.558481502532959,-0.08949127157258405,-0.07448700528631483,16,"(32, 16)",0.1,0.00097162795,1,False,False,False,False,True
247,0.5601799964904786,-0.08949127157258405,-0.07448700528631483,16,"(32, 16)",0.1,0.009440608,1,False,False,False,False,True
248,0.5470102787017822,-0.08949127157258405,-0.07448700528631483,16,"(32, 16)",0.1,0.09172759,1,False,False,False,False,True
249,0.5430512428283691,-0.08949127157258405,-0.07448700528631483,16,"(32, 16)",0.1,0.8912509,1,False,False,False,False,True
250,0.48697562217712403,-0.18218201118326025,-0.18081656626328943,16,"(32, 32)",1e-04,1e-04,1,False,False,False,True,True
251,0.48814778327941893,-0.18218201118326025,-0.18081656626328943,16,"(32, 32)",1e-04,0.00097162795,1,False,False,False,False,True
252,0.5109684467315674,-0.18218201118326025,-0.18081656626328943,16,"(32, 32)",1e-04,0.009440608,1,False,False,False,False,True
253,0.4883282661437988,-0.18218201118326025,-0.18081656626328943,16,"(32, 32)",1e-04,0.09172759,1,False,False,False,False,True
254,0.4902303695678711,-0.18218201118326025,-0.18081656626328943,16,"(32, 32)",1e-04,0.8912509,1,False,False,False,False,True
255,0.5465789794921875,-0.08684278354779859,-0.08150144085107065,16,"(32, 32)",0.0005623413,1e-04,1,False,False,True,True,True
256,0.5527546882629395,-0.08684278354779859,-0.08150144085107065,16,"(32, 32)",0.0005623413,0.00097162795,1,False,False,True,False,True
257,0.5445145606994629,-0.08684278354779859,-0.08150144085107065,16,"(32, 32)",0.0005623413,0.009440608,1,False,False,True,False,True
258,0.5608895301818848,-0.08684278354779859,-0.08150144085107065,16,"(32, 32)",0.0005623413,0.09172759,1,False,False,True,False,True
259,0.5631481647491455,-0.08684278354779859,-0.08150144085107065,16,"(32, 32)",0.0005623413,0.8912509,1,False,False,True,False,True
260,0.6075899124145507,-0.08235282889061352,-0.06579024659175112,16,"(32, 32)",0.0031622776,1e-04,1,False,False,False,True,True
261,0.6211037635803223,-0.08235282889061352,-0.06579024659175112,16,"(32, 32)",0.0031622776,0.00097162795,1,False,False,False,False,True
262,0.6304489135742187,-0.08235282889061352,-0.06579024659175112,16,"(32, 32)",0.0031622776,0.009440608,1,False,False,False,False,True
263,0.6213644027709961,-0.08235282889061352,-0.06579024659175112,16,"(32, 32)",0.0031622776,0.09172759,1,False,False,False,False,True
264,0.6180027961730957,-0.08235282889061352,-0.06579024659175112,16,"(32, 32)",0.0031622776,0.8912509,1,False,False,False,False,True
265,0.5894504070281983,-0.08488398557066913,-0.06731463780600862,16,"(32, 32)",0.017782794,1e-04,1,False,False,False,True,True
266,0.5634390354156494,-0.08488398557066913,-0.06731463780600862,16,"(32, 32)",0.017782794,0.00097162795,1,False,False,False,False,True
267,0.5861658573150634,-0.08488398557066913,-0.06731463780600862,16,"(32, 32)",0.017782794,0.009440608,1,False,False,False,False,True
268,0.57314453125,-0.08488398557066913,-0.06731463780600862,16,"(32, 32)",0.017782794,0.09172759,1,False,False,False,False,True
269,0.594649362564087,-0.08488398557066913,-0.06731463780600862,16,"(32, 32)",0.017782794,0.8912509,1,False,False,False,False,True
270,0.5940208435058594,-0.09372572163945099,-0.08217214202808605,16,"(32, 32)",0.1,1e-04,1,False,False,False,True,True
271,0.5877418518066406,-0.09372572163945099,-0.08217214202808605,16,"(32, 32)",0.1,0.00097162795,1,False,False,False,False,True
272,0.5962190628051758,-0.09372572163945099,-0.08217214202808605,16,"(32, 32)",0.1,0.009440608,1,False,False,False,False,True
273,0.5977828025817871,-0.09372572163945099,-0.08217214202808605,16,"(32, 32)",0.1,0.09172759,1,False,False,False,False,True
274,0.6052018642425537,-0.09372572163945099,-0.08217214202808605,16,"(32, 32)",0.1,0.8912509,1,False,False,False,False,True
275,0.5469851016998291,-0.17166003025499801,-0.170955403703572,16,"(64, 32)",1e-04,1e-04,1,False,True,False,True,True
276,0.5307219982147217,-0.17166003025499801,-0.170955403703572,16,"(64, 32)",1e-04,0.00097162795,1,False,True,False,False,True
277,0.5374987602233887,-0.17166003025499801,-0.170955403703572,16,"(64, 32)",1e-04,0.009440608,1,False,True,False,False,True
278,0.5357214450836182,-0.17166003025499801,-0.170955403703572,16,"(64, 32)",1e-04,0.09172759,1,False,True,False,False,True
279,0.5318151950836182,-0.17166003025499801,-0.170955403703572,16,"(64, 32)",1e-04,0.8912509,1,False,True,False,False,True
280,1.004860782623291,-0.07610286215648504,-0.06308338104452929,16,"(64, 32)",0.0005623413,1e-04,1,False,True,True,True,True
281,0.9594601154327392,-0.07610286215648504,-0.06308338104452929,16,"(64, 32)",0.0005623413,0.00097162795,1,False,True,True,False,True
282,0.9514979839324951,-0.07610286215648504,-0.06308338104452929,16,"(64, 32)",0.0005623413,0.009440608,1,False,True,True,False,True
283,0.9756023406982421,-0.07610286215648504,-0.06308338104452929,16,"(64, 32)",0.0005623413,0.09172759,1,False,True,True,False,True
284,0.9580051898956299,-0.07610286215648504,-0.06308338104452929,16,"(64, 32)",0.0005623413,0.8912509,1,False,True,True,False,True
285,0.5446794509887696,-0.0817605346361284,-0.06797861746766426,16,"(64, 32)",0.0031622776,1e-04,1,False,True,False,True,True
286,0.5432312488555908,-0.0817605346361284,-0.06797861746766426,16,"(64, 32)",0.0031622776,0.00097162795,1,False,True,False,False,True
287,0.5531406879425049,-0.0817605346361284,-0.06797861746766426,16,"(64, 32)",0.0031622776,0.009440608,1,False,True,False,False,True
288,0.5473510265350342,-0.0817605346361284,-0.06797861746766426,16,"(64, 32)",0.0031622776,0.09172759,1,False,True,False,False,True
289,0.5346662044525147,-0.0817605346361284,-0.06797861746766426,16,"(64, 32)",0.0031622776,0.8912509,1,False,True,False,False,True
290,0.7826037406921387,-0.08187515155628279,-0.061696245663371986,16,"(64, 32)",0.017782794,1e-04,1,False,True,False,True,True
291,0.7712864875793457,-0.08187515155628279,-0.061696245663371986,16,"(64, 32)",0.017782794,0.00097162795,1,False,True,False,False,True
292,0.7854094505310059,-0.08187515155628279,-0.061696245663371986,16,"(64, 32)",0.017782794,0.009440608,1,False,True,False,False,True
293,0.7697218418121338,-0.08187515155628279,-0.061696245663371986,16,"(64, 32)",0.017782794,0.09172759,1,False,True,False,False,True
294,0.7704356193542481,-0.08187515155628279,-0.061696245663371986,16,"(64, 32)",0.017782794,0.8912509,1,False,True,False,False,True
295,0.5073197364807129,-0.13456937680540584,-0.11003293095180341,16,"(64, 32)",0.1,1e-04,1,False,True,False,True,True
296,0.5128813743591308,-0.13456937680540584,-0.11003293095180341,16,"(64, 32)",0.1,0.00097162795,1,False,True,False,False,True
297,0.5146175384521484,-0.13456937680540584,-0.11003293095180341,16,"(64, 32)",0.1,0.009440608,1,False,True,False,False,True
298,0.5227039337158204,-0.13456937680540584,-0.11003293095180341,16,"(64, 32)",0.1,0.09172759,1,False,True,False,False,True
299,0.5065744400024415,-0.13456937680540584,-0.11003293095180341,16,"(64, 32)",0.1,0.8912509,1,False,True,False,False,True
300,0.4048604488372803,-0.18553485943885265,-0.18348245852546072,32,"(16,)",1e-04,1e-04,1,False,False,False,True,True
301,0.3940291881561279,-0.18553485943885265,-0.18348245852546072,32,"(16,)",1e-04,0.00097162795,1,False,False,False,False,True
302,0.40956745147705076,-0.18553485943885265,-0.18348245852546072,32,"(16,)",1e-04,0.009440608,1,False,False,False,False,True
303,0.4021656036376953,-0.18553485943885265,-0.18348245852546072,32,"(16,)",1e-04,0.09172759,1,False,False,False,False,True
304,0.4402607917785645,-0.18553485943885265,-0.18348245852546072,32,"(16,)",1e-04,0.8912509,1,False,False,False,False,True
305,0.23106880187988282,-0.13578143739960344,-0.13428368044228473,32,"(16,)",0.0005623413,1e-04,1,False,False,True,True,True
306,0.20556106567382812,-0.13578143739960344,-0.13428368044228473,32,"(16,)",0.0005623413,0.00097162795,1,False,False,True,False,True
307,0.21060638427734374,-0.13578143739960344,-0.13428368044228473,32,"(16,)",0.0005623413,0.009440608,1,False,False,True,False,True
308,0.2106085777282715,-0.13578143739960344,-0.13428368044228473,32,"(16,)",0.0005623413,0.09172759,1,False,False,True,False,True
309,0.20899534225463867,-0.13578143739960344,-0.13428368044228473,32,"(16,)",0.0005623413,0.8912509,1,False,False,True,False,True
310,0.16787643432617189,-0.0858058719266874,-0.08310262036287029,32,"(16,)",0.0031622776,1e-04,1,False,False,False,True,True
311,0.1816133975982666,-0.0858058719266874,-0.08310262036287029,32,"(16,)",0.0031622776,0.00097162795,1,False,False,False,False,True
312,0.16798291206359864,-0.0858058719266874,-0.08310262036287029,32,"(16,)",0.0031622776,0.009440608,1,False,False,False,False,True
313,0.18705306053161622,-0.0858058719266874,-0.08310262036287029,32,"(16,)",0.0031622776,0.09172759,1,False,False,False,False,True
314,0.16564588546752929,-0.0858058719266874,-0.08310262036287029,32,"(16,)",0.0031622776,0.8912509,1,False,False,False,False,True
315,0.23999643325805664,-0.08128824414260304,-0.06834320372078212,32,"(16,)",0.017782794,1e-04,1,False,False,False,True,True
316,0.23790998458862306,-0.08128824414260304,-0.06834320372078212,32,"(16,)",0.017782794,0.00097162795,1,False,False,False,False,True
317,0.24127440452575682,-0.08128824414260304,-0.06834320372078212,32,"(16,)",0.017782794,0.009440608,1,False,False,False,False,True
318,0.2392033100128174,-0.08128824414260304,-0.06834320372078212,32,"(16,)",0.017782794,0.09172759,1,False,False,False,False,True
319,0.24567365646362305,-0.08128824414260304,-0.06834320372078212,32,"(16,)",0.017782794,0.8912509,1,False,False,False,False,True
320,0.27961363792419436,-0.0862566581275496,-0.06565366373320987,32,"(16,)",0.1,1e-04,1,False,False,False,True,True
321,0.273663330078125,-0.0862566581275496,-0.06565366373320987,32,"(16,)",0.1,0.00097162795,1,False,False,False,False,True
322,0.2717260837554932,-0.0862566581275496,-0.06565366373320987,32,"(16,)",0.1,0.009440608,1,False,False,False,False,True
323,0.2751882076263428,-0.0862566581275496,-0.06565366373320987,32,"(16,)",0.1,0.09172759,1,False,False,False,False,True
324,0.28062758445739744,-0.0862566581275496,-0.06565366373320987,32,"(16,)",0.1,0.8912509,1,False,False,False,False,True
325,0.3751565456390381,-0.14853201466068383,-0.14638372865299124,32,"(32,)",1e-04,1e-04,1,False,False,False,True,True
326,0.36313591003417967,-0.14853201466068383,-0.14638372865299124,32,"(32,)",1e-04,0.00097162795,1,False,False,False,False,True
327,0.36127119064331054,-0.14853201466068383,-0.14638372865299124,32,"(32,)",1e-04,0.009440608,1,False,False,False,False,True
328,0.3756282806396484,-0.14853201466068383,-0.14638372865299124,32,"(32,)",1e-04,0.09172759,1,False,False,False,False,True
329,0.38533544540405273,-0.14853201466068383,-0.14638372865299124,32,"(32,)",1e-04,0.8912509,1,False,False,False,False,True
330,0.2172922134399414,-0.1006498504314494,-0.09975302595675259,32,"(32,)",0.0005623413,1e-04,1,False,False,True,True,True
331,0.2180716037750244,-0.1006498504314494,-0.09975302595675259,32,"(32,)",0.0005623413,0.00097162795,1,False,False,True,False,True
332,0.2174838066101074,-0.1006498504314494,-0.09975302595675259,32,"(32,)",0.0005623413,0.009440608,1,False,False,True,False,True
333,0.21903982162475585,-0.1006498504314494,-0.09975302595675259,32,"(32,)",0.0005623413,0.09172759,1,False,False,True,False,True
334,0.22018651962280272,-0.1006498504314494,-0.09975302595675259,32,"(32,)",0.0005623413,0.8912509,1,False,False,True,False,True
335,0.18901143074035645,-0.08440706173905063,-0.07915840885387529,32,"(32,)",0.0031622776,1e-04,1,False,False,False,True,True
336,0.19409894943237305,-0.08440706173905063,-0.07915840885387529,32,"(32,)",0.0031622776,0.00097162795,1,False,False,False,False,True
337,0.1906118392944336,-0.08440706173905063,-0.07915840885387529,32,"(32,)",0.0031622776,0.009440608,1,False,False,False,False,True
338,0.1944660186767578,-0.08440706173905063,-0.07915840885387529,32,"(32,)",0.0031622776,0.09172759,1,False,False,False,False,True
339,0.187955904006958,-0.08440706173905063,-0.07915840885387529,32,"(32,)",0.0031622776,0.8912509,1,False,False,False,False,True
340,0.22765512466430665,-0.08054677469917712,-0.06493787726688144,32,"(32,)",0.017782794,1e-04,1,False,False,False,True,True
341,0.22681903839111328,-0.08054677469917712,-0.06493787726688144,32,"(32,)",0.017782794,0.00097162795,1,False,False,False,False,True
342,0.23478055000305176,-0.08054677469917712,-0.06493787726688144,32,"(32,)",0.017782794,0.009440608,1,False,False,False,False,True
343,0.24051785469055176,-0.08054677469917712,-0.06493787726688144,32,"(32,)",0.017782794,0.09172759,1,False,False,False,False,True
344,0.23723325729370118,-0.08054677469917712,-0.06493787726688144,32,"(32,)",0.017782794,0.8912509,1,False,False,False,False,True
345,0.24973063468933104,-0.0844188723500978,-0.06635419993986767,32,"(32,)",0.1,1e-04,1,False,False,False,True,True
346,0.23596720695495604,-0.0844188723500978,-0.06635419993986767,32,"(32,)",0.1,0.00097162795,1,False,False,False,False,True
347,0.23418264389038085,-0.0844188723500978,-0.06635419993986767,32,"(32,)",0.1,0.009440608,1,False,False,False,False,True
348,0.24432506561279296,-0.0844188723500978,-0.06635419993986767,32,"(32,)",0.1,0.09172759,1,False,False,False,False,True
349,0.24311275482177735,-0.0844188723500978,-0.06635419993986767,32,"(32,)",0.1,0.8912509,1,False,False,False,False,True
350,0.259156608581543,-0.2131228296388646,-0.21203317928974735,32,"(64,)",1e-04,1e-04,1,False,False,False,True,True
351,0.2515657901763916,-0.2131228296388646,-0.21203317928974735,32,"(64,)",1e-04,0.00097162795,1,False,False,False,False,True
352,0.26002254486083987,-0.2131228296388646,-0.21203317928974735,32,"(64,)",1e-04,0.009440608,1,False,False,False,False,True
353,0.25010995864868163,-0.2131228296388646,-0.21203317928974735,32,"(64,)",1e-04,0.09172759,1,False,False,False,False,True
354,0.25693883895874026,-0.2131228296388646,-0.21203317928974735,32,"(64,)",1e-04,0.8912509,1,False,False,False,False,True
355,0.17311615943908693,-0.22355237513158563,-0.22285315660278487,32,"(64,)",0.0005623413,1e-04,1,False,False,True,True,True
356,0.18091292381286622,-0.22355237513158563,-0.22285315660278487,32,"(64,)",0.0005623413,0.00097162795,1,False,False,True,False,True
357,0.17878518104553223,-0.22355237513158563,-0.22285315660278487,32,"(64,)",0.0005623413,0.009440608,1,False,False,True,False,True
358,0.16697916984558106,-0.22355237513158563,-0.22285315660278487,32,"(64,)",0.0005623413,0.09172759,1,False,False,True,False,True
359,0.17191534042358397,-0.22355237513158563,-0.22285315660278487,32,"(64,)",0.0005623413,0.8912509,1,False,False,True,False,True
360,0.17517805099487305,-0.0822612519109414,-0.07964971878097618,32,"(64,)",0.0031622776,1e-04,1,False,False,False,True,True
361,0.17824149131774902,-0.0822612519109414,-0.07964971878097618,32,"(64,)",0.0031622776,0.00097162795,1,False,False,False,False,True
362,0.17410502433776856,-0.0822612519109414,-0.07964971878097618,32,"(64,)",0.0031622776,0.009440608,1,False,False,False,False,True
363,0.19173116683959962,-0.0822612519109414,-0.07964971878097618,32,"(64,)",0.0031622776,0.09172759,1,False,False,False,False,True
364,0.17187514305114746,-0.0822612519109414,-0.07964971878097618,32,"(64,)",0.0031622776,0.8912509,1,False,False,False,False,True
365,0.19507274627685547,-0.08161386711898645,-0.07093185882405875,32,"(64,)",0.017782794,1e-04,1,False,False,False,True,True
366,0.19547438621520996,-0.08161386711898645,-0.07093185882405875,32,"(64,)",0.017782794,0.00097162795,1,False,False,False,False,True
367,0.1909796714782715,-0.08161386711898645,-0.07093185882405875,32,"(64,)",0.017782794,0.009440608,1,False,False,False,False,True
368,0.18655495643615722,-0.08161386711898645,-0.07093185882405875,32,"(64,)",0.017782794,0.09172759,1,False,False,False,False,True
369,0.18659539222717286,-0.08161386711898645,-0.07093185882405875,32,"(64,)",0.017782794,0.8912509,1,False,False,False,False,True
370,0.33715524673461916,-0.0914780548070617,-0.06816124050123419,32,"(64,)",0.1,1e-04,1,False,False,False,True,True
371,0.34477839469909666,-0.0914780548070617,-0.06816124050123419,32,"(64,)",0.1,0.00097162795,1,False,False,False,False,True
372,0.34732537269592284,-0.0914780548070617,-0.06816124050123419,32,"(64,)",0.1,0.009440608,1,False,False,False,False,True
373,0.3406093120574951,-0.0914780548070617,-0.06816124050123419,32,"(64,)",0.1,0.09172759,1,False,False,False,False,True
374,0.32868661880493166,-0.0914780548070617,-0.06816124050123419,32,"(64,)",0.1,0.8912509,1,False,False,False,False,True
375,0.41039252281188965,-0.15359996828819591,-0.1537394628747947,32,"(32, 16)",1e-04,1e-04,1,False,False,False,True,True
376,0.40090041160583495,-0.15359996828819591,-0.1537394628747947,32,"(32, 16)",1e-04,0.00097162795,1,False,False,False,False,True
377,0.41686239242553713,-0.15359996828819591,-0.1537394628747947,32,"(32, 16)",1e-04,0.009440608,1,False,False,False,False,True
378,0.40180411338806155,-0.15359996828819591,-0.1537394628747947,32,"(32, 16)",1e-04,0.09172759,1,False,False,False,False,True
379,0.4120790481567383,-0.15359996828819591,-0.1537394628747947,32,"(32, 16)",1e-04,0.8912509,1,False,False,False,False,True
380,0.27385506629943845,-0.11440016567530506,-0.11166209661831072,32,"(32, 16)",0.0005623413,1e-04,1,False,False,True,True,True
381,0.26874823570251466,-0.11440016567530506,-0.11166209661831072,32,"(32, 16)",0.0005623413,0.00097162795,1,False,False,True,False,True
382,0.2625678062438965,-0.11440016567530506,-0.11166209661831072,32,"(32, 16)",0.0005623413,0.009440608,1,False,False,True,False,True
383,0.2727715015411377,-0.11440016567530506,-0.11166209661831072,32,"(32, 16)",0.0005623413,0.09172759,1,False,False,True,False,True
384,0.2745641231536865,-0.11440016567530506,-0.11166209661831072,32,"(32, 16)",0.0005623413,0.8912509,1,False,False,True,False,True
385,0.3566525936126709,-0.07981413882564312,-0.06432939301798468,32,"(32, 16)",0.0031622776,1e-04,1,False,False,False,True,True
386,0.35672893524169924,-0.07981413882564312,-0.06432939301798468,32,"(32, 16)",0.0031622776,0.00097162795,1,False,False,False,False,True
387,0.3556371688842773,-0.07981413882564312,-0.06432939301798468,32,"(32, 16)",0.0031622776,0.009440608,1,False,False,False,False,True
388,0.3518256187438965,-0.07981413882564312,-0.06432939301798468,32,"(32, 16)",0.0031622776,0.09172759,1,False,False,False,False,True
389,0.3676589488983154,-0.07981413882564312,-0.06432939301798468,32,"(32, 16)",0.0031622776,0.8912509,1,False,False,False,False,True
390,0.32707533836364744,-0.08088290195686997,-0.06331576301490752,32,"(32, 16)",0.017782794,1e-04,1,False,False,False,True,True
391,0.32647314071655276,-0.08088290195686997,-0.06331576301490752,32,"(32, 16)",0.017782794,0.00097162795,1,False,False,False,False,True
392,0.32674217224121094,-0.08088290195686997,-0.06331576301490752,32,"(32, 16)",0.017782794,0.009440608,1,False,False,False,False,True
393,0.3177140712738037,-0.08088290195686997,-0.06331576301490752,32,"(32, 16)",0.017782794,0.09172759,1,False,False,False,False,True
394,0.3356623649597168,-0.08088290195686997,-0.06331576301490752,32,"(32, 16)",0.017782794,0.8912509,1,False,False,False,False,True
395,0.33672680854797366,-0.09589342483810456,-0.07662932890740426,32,"(32, 16)",0.1,1e-04,1,False,False,False,True,True
396,0.34441628456115725,-0.09589342483810456,-0.07662932890740426,32,"(32, 16)",0.1,0.00097162795,1,False,False,False,False,True
397,0.34096522331237794,-0.09589342483810456,-0.07662932890740426,32,"(32, 16)",0.1,0.009440608,1,False,False,False,False,True
398,0.3400439739227295,-0.09589342483810456,-0.07662932890740426,32,"(32, 16)",0.1,0.09172759,1,False,False,False,False,True
399,0.3669557571411133,-0.09589342483810456,-0.07662932890740426,32,"(32, 16)",0.1,0.8912509,1,False,False,False,False,True
400,0.31768069267272947,-0.18262936081746634,-0.1813982910374973,32,"(32, 32)",1e-04,1e-04,1,False,False,False,True,True
401,0.3309202194213867,-0.18262936081746634,-0.1813982910374973,32,"(32, 32)",1e-04,0.00097162795,1,False,False,False,False,True
402,0.32854475975036623,-0.18262936081746634,-0.1813982910374973,32,"(32, 32)",1e-04,0.009440608,1,False,False,False,False,True
403,0.3295246124267578,-0.18262936081746634,-0.1813982910374973,32,"(32, 32)",1e-04,0.09172759,1,False,False,False,False,True
404,0.3351252555847168,-0.18262936081746634,-0.1813982910374973,32,"(32, 32)",1e-04,0.8912509,1,False,False,False,False,True
405,0.2305692195892334,-0.1257332148880268,-0.12476200133476764,32,"(32, 32)",0.0005623413,1e-04,1,False,False,True,True,True
406,0.23835878372192382,-0.1257332148880268,-0.12476200133476764,32,"(32, 32)",0.0005623413,0.00097162795,1,False,False,True,False,True
407,0.23892550468444823,-0.1257332148880268,-0.12476200133476764,32,"(32, 32)",0.0005623413,0.009440608,1,False,False,True,False,True
408,0.23618946075439454,-0.1257332148880268,-0.12476200133476764,32,"(32, 32)",0.0005623413,0.09172759,1,False,False,True,False,True
409,0.25640120506286623,-0.1257332148880268,-0.12476200133476764,32,"(32, 32)",0.0005623413,0.8912509,1,False,False,True,False,True
410,0.39349732398986814,-0.08137246722629497,-0.06517966846545767,32,"(32, 32)",0.0031622776,1e-04,1,False,False,False,True,True
411,0.3765610694885254,-0.08137246722629497,-0.06517966846545767,32,"(32, 32)",0.0031622776,0.00097162795,1,False,False,False,False,True
412,0.36141033172607423,-0.08137246722629497,-0.06517966846545767,32,"(32, 32)",0.0031622776,0.009440608,1,False,False,False,False,True
413,0.3734316825866699,-0.08137246722629497,-0.06517966846545767,32,"(32, 32)",0.0031622776,0.09172759,1,False,False,False,False,True
414,0.372223949432373,-0.08137246722629497,-0.06517966846545767,32,"(32, 32)",0.0031622776,0.8912509,1,False,False,False,False,True
415,0.4619661808013916,-0.09102502547922392,-0.06248332510743861,32,"(32, 32)",0.017782794,1e-04,1,False,False,False,True,True
416,0.4686154842376709,-0.09102502547922392,-0.06248332510743861,32,"(32, 32)",0.017782794,0.00097162795,1,False,False,False,False,True
417,0.47580504417419434,-0.09102502547922392,-0.06248332510743861,32,"(32, 32)",0.017782794,0.009440608,1,False,False,False,False,True
418,0.4873178482055664,-0.09102502547922392,-0.06248332510743861,32,"(32, 32)",0.017782794,0.09172759,1,False,False,False,False,True
419,0.463533878326416,-0.09102502547922392,-0.06248332510743861,32,"(32, 32)",0.017782794,0.8912509,1,False,False,False,False,True
420,0.44765801429748536,-0.09163877286956476,-0.07791199441418495,32,"(32, 32)",0.1,1e-04,1,False,False,False,True,True
421,0.4443501949310303,-0.09163877286956476,-0.07791199441418495,32,"(32, 32)",0.1,0.00097162795,1,False,False,False,False,True
422,0.44014840126037597,-0.09163877286956476,-0.07791199441418495,32,"(32, 32)",0.1,0.009440608,1,False,False,False,False,True
423,0.4328744411468506,-0.09163877286956476,-0.07791199441418495,32,"(32, 32)",0.1,0.09172759,1,False,False,False,False,True
424,0.4556111335754395,-0.09163877286956476,-0.07791199441418495,32,"(32, 32)",0.1,0.8912509,1,False,False,False,False,True
425,0.37601823806762696,-0.18685986193809226,-0.1861345365336542,32,"(64, 32)",1e-04,1e-04,1,False,True,False,True,True
426,0.3645646572113037,-0.18685986193809226,-0.1861345365336542,32,"(64, 32)",1e-04,0.00097162795,1,False,True,False,False,True
427,0.37160096168518064,-0.18685986193809226,-0.1861345365336542,32,"(64, 32)",1e-04,0.009440608,1,False,True,False,False,True
428,0.35625805854797366,-0.18685986193809226,-0.1861345365336542,32,"(64, 32)",1e-04,0.09172759,1,False,True,False,False,True
429,0.3668482303619385,-0.18685986193809226,-0.1861345365336542,32,"(64, 32)",1e-04,0.8912509,1,False,True,False,False,True
430,0.5399256706237793,-0.11152188505506036,-0.10634600722035456,32,"(64, 32)",0.0005623413,1e-04,1,False,True,True,True,True
431,0.5437048435211181,-0.11152188505506036,-0.10634600722035456,32,"(64, 32)",0.0005623413,0.00097162795,1,False,True,True,False,True
432,0.5379823207855224,-0.11152188505506036,-0.10634600722035456,32,"(64, 32)",0.0005623413,0.009440608,1,False,True,True,False,True
433,0.5439246654510498,-0.11152188505506036,-0.10634600722035456,32,"(64, 32)",0.0005623413,0.09172759,1,False,True,True,False,True
434,0.5273289680480957,-0.11152188505506036,-0.10634600722035456,32,"(64, 32)",0.0005623413,0.8912509,1,False,True,True,False,True
435,0.3892199993133545,-0.0770743722407112,-0.06442410032973986,32,"(64, 32)",0.0031622776,1e-04,1,False,True,False,True,True
436,0.4012894153594971,-0.0770743722407112,-0.06442410032973986,32,"(64, 32)",0.0031622776,0.00097162795,1,False,True,False,False,True
437,0.3888941764831543,-0.0770743722407112,-0.06442410032973986,32,"(64, 32)",0.0031622776,0.009440608,1,False,True,False,False,True
438,0.39086360931396485,-0.0770743722407112,-0.06442410032973986,32,"(64, 32)",0.0031622776,0.09172759,1,False,True,False,False,True
439,0.39452052116394043,-0.0770743722407112,-0.06442410032973986,32,"(64, 32)",0.0031622776,0.8912509,1,False,True,False,False,True
440,0.3754738807678223,-0.08214860257079838,-0.06321348266375464,32,"(64, 32)",0.017782794,1e-04,1,False,True,False,True,True
441,0.3744845390319824,-0.08214860257079838,-0.06321348266375464,32,"(64, 32)",0.017782794,0.00097162795,1,False,True,False,False,True
442,0.378414249420166,-0.08214860257079838,-0.06321348266375464,32,"(64, 32)",0.017782794,0.009440608,1,False,True,False,False,True
443,0.384264612197876,-0.08214860257079838,-0.06321348266375464,32,"(64, 32)",0.017782794,0.09172759,1,False,True,False,False,True
444,0.37466750144958494,-0.08214860257079838,-0.06321348266375464,32,"(64, 32)",0.017782794,0.8912509,1,False,True,False,False,True
445,0.6521942138671875,-0.11444092786052873,-0.08143504899206835,32,"(64, 32)",0.1,1e-04,1,False,True,False,True,True
446,0.7969345569610595,-0.11444092786052873,-0.08143504899206835,32,"(64, 32)",0.1,0.00097162795,1,False,True,False,False,True
447,0.652318000793457,-0.11444092786052873,-0.08143504899206835,32,"(64, 32)",0.1,0.009440608,1,False,True,False,False,True
448,0.5571601390838623,-0.11444092786052873,-0.08143504899206835,32,"(64, 32)",0.1,0.09172759,1,False,True,False,False,True
449,0.5466572284698487,-0.11444092786052873,-0.08143504899206835,32,"(64, 32)",0.1,0.8912509,1,False,True,False,False,True
450,0.29298901557922363,-0.23330105817762892,-0.23250099051136833,64,"(16,)",1e-04,1e-04,1,False,False,False,True,True
451,0.30216546058654786,-0.23330105817762892,-0.23250099051136833,64,"(16,)",1e-04,0.00097162795,1,False,False,False,False,True
452,0.3652602195739746,-0.23330105817762892,-0.23250099051136833,64,"(16,)",1e-04,0.009440608,1,False,False,False,False,True
453,0.34970340728759763,-0.23330105817762892,-0.23250099051136833,64,"(16,)",1e-04,0.09172759,1,False,False,False,False,True
454,0.294689416885376,-0.23330105817762892,-0.23250099051136833,64,"(16,)",1e-04,0.8912509,1,False,False,False,False,True
455,0.16460127830505372,-0.10459443549745581,-0.10347312331460849,64,"(16,)",0.0005623413,1e-04,1,False,False,True,True,True
456,0.17378921508789064,-0.10459443549745581,-0.10347312331460849,64,"(16,)",0.0005623413,0.00097162795,1,False,False,True,False,True
457,0.17651042938232422,-0.10459443549745581,-0.10347312331460849,64,"(16,)",0.0005623413,0.009440608,1,False,False,True,False,True
458,0.1742274284362793,-0.10459443549745581,-0.10347312331460849,64,"(16,)",0.0005623413,0.09172759,1,False,False,True,False,True
459,0.17026157379150392,-0.10459443549745581,-0.10347312331460849,64,"(16,)",0.0005623413,0.8912509,1,False,False,True,False,True
460,0.09352021217346192,-0.09948097781021396,-0.09841101189447321,64,"(16,)",0.0031622776,1e-04,1,False,False,False,True,True
461,0.09138484001159668,-0.09948097781021396,-0.09841101189447321,64,"(16,)",0.0031622776,0.00097162795,1,False,False,False,False,True
462,0.09672708511352539,-0.09948097781021396,-0.09841101189447321,64,"(16,)",0.0031622776,0.009440608,1,False,False,False,False,True
463,0.0978623867034912,-0.09948097781021396,-0.09841101189447321,64,"(16,)",0.0031622776,0.09172759,1,False,False,False,False,True
464,0.0940676212310791,-0.09948097781021396,-0.09841101189447321,64,"(16,)",0.0031622776,0.8912509,1,False,False,False,False,True
465,0.1337902545928955,-0.08311034465771536,-0.07152652667375999,64,"(16,)",0.017782794,1e-04,1,False,False,False,True,True
466,0.13254203796386718,-0.08311034465771536,-0.07152652667375999,64,"(16,)",0.017782794,0.00097162795,1,False,False,False,False,True
467,0.1320127010345459,-0.08311034465771536,-0.07152652667375999,64,"(16,)",0.017782794,0.009440608,1,False,False,False,False,True
468,0.1335845947265625,-0.08311034465771536,-0.07152652667375999,64,"(16,)",0.017782794,0.09172759,1,False,False,False,False,True
469,0.13879261016845704,-0.08311034465771536,-0.07152652667375999,64,"(16,)",0.017782794,0.8912509,1,False,False,False,False,True
470,0.12378153800964356,-0.08020474965787251,-0.07149053543192865,64,"(16,)",0.1,1e-04,1,False,False,False,True,True
471,0.11440062522888184,-0.08020474965787251,-0.07149053543192865,64,"(16,)",0.1,0.00097162795,1,False,False,False,False,True
472,0.14381399154663085,-0.08020474965787251,-0.07149053543192865,64,"(16,)",0.1,0.009440608,1,False,False,False,False,True
473,0.12073969841003418,-0.08020474965787251,-0.07149053543192865,64,"(16,)",0.1,0.09172759,1,False,False,False,False,True
474,0.11754231452941895,-0.08020474965787251,-0.07149053543192865,64,"(16,)",0.1,0.8912509,1,False,False,False,False,True
475,0.2782540798187256,-0.20720716697247316,-0.20543982192346388,64,"(32,)",1e-04,1e-04,1,False,False,False,True,True
476,0.27402772903442385,-0.20720716697247316,-0.20543982192346388,64,"(32,)",1e-04,0.00097162795,1,False,False,False,False,True
477,0.268428897857666,-0.20720716697247316,-0.20543982192346388,64,"(32,)",1e-04,0.009440608,1,False,False,False,False,True
478,0.27645158767700195,-0.20720716697247316,-0.20543982192346388,64,"(32,)",1e-04,0.09172759,1,False,False,False,False,True
479,0.27090916633605955,-0.20720716697247316,-0.20543982192346388,64,"(32,)",1e-04,0.8912509,1,False,False,False,False,True
480,0.1528463363647461,-0.1143128065913382,-0.11386784785212248,64,"(32,)",0.0005623413,1e-04,1,False,False,True,True,True
481,0.15542278289794922,-0.1143128065913382,-0.11386784785212248,64,"(32,)",0.0005623413,0.00097162795,1,False,False,True,False,True
482,0.15511159896850585,-0.1143128065913382,-0.11386784785212248,64,"(32,)",0.0005623413,0.009440608,1,False,False,True,False,True
483,0.15776777267456055,-0.1143128065913382,-0.11386784785212248,64,"(32,)",0.0005623413,0.09172759,1,False,False,True,False,True
484,0.1501465320587158,-0.1143128065913382,-0.11386784785212248,64,"(32,)",0.0005623413,0.8912509,1,False,False,True,False,True
485,0.13211216926574706,-0.08179151939313216,-0.07627852401222038,64,"(32,)",0.0031622776,1e-04,1,False,False,False,True,True
486,0.143137788772583,-0.08179151939313216,-0.07627852401222038,64,"(32,)",0.0031622776,0.00097162795,1,False,False,False,False,True
487,0.14260444641113282,-0.08179151939313216,-0.07627852401222038,64,"(32,)",0.0031622776,0.009440608,1,False,False,False,False,True
488,0.14300413131713868,-0.08179151939313216,-0.07627852401222038,64,"(32,)",0.0031622776,0.09172759,1,False,False,False,False,True
489,0.14159793853759767,-0.08179151939313216,-0.07627852401222038,64,"(32,)",0.0031622776,0.8912509,1,False,False,False,False,True
490,0.10993857383728027,-0.08075424571439396,-0.07443533036543969,64,"(32,)",0.017782794,1e-04,1,False,False,False,True,True
491,0.10068416595458984,-0.08075424571439396,-0.07443533036543969,64,"(32,)",0.017782794,0.00097162795,1,False,False,False,False,True
492,0.09661388397216797,-0.08075424571439396,-0.07443533036543969,64,"(32,)",0.017782794,0.009440608,1,False,False,False,False,True
493,0.10396299362182618,-0.08075424571439396,-0.07443533036543969,64,"(32,)",0.017782794,0.09172759,1,False,False,False,False,True
494,0.09457082748413086,-0.08075424571439396,-0.07443533036543969,64,"(32,)",0.017782794,0.8912509,1,False,False,False,False,True
495,0.15218701362609863,-0.08481710410499266,-0.06919326597710816,64,"(32,)",0.1,1e-04,1,False,False,False,True,True
496,0.14313359260559083,-0.08481710410499266,-0.06919326597710816,64,"(32,)",0.1,0.00097162795,1,False,False,False,False,True
497,0.13300962448120118,-0.08481710410499266,-0.06919326597710816,64,"(32,)",0.1,0.009440608,1,False,False,False,False,True
498,0.1410883903503418,-0.08481710410499266,-0.06919326597710816,64,"(32,)",0.1,0.09172759,1,False,False,False,False,True
499,0.14285807609558104,-0.08481710410499266,-0.06919326597710816,64,"(32,)",0.1,0.8912509,1,False,False,False,False,True
500,0.20057086944580077,-0.24691458991233617,-0.24625411540226433,64,"(64,)",1e-04,1e-04,1,False,False,False,True,True
501,0.19046616554260254,-0.24691458991233617,-0.24625411540226433,64,"(64,)",1e-04,0.00097162795,1,False,False,False,False,True
502,0.19479737281799317,-0.24691458991233617,-0.24625411540226433,64,"(64,)",1e-04,0.009440608,1,False,False,False,False,True
503,0.1936483860015869,-0.24691458991233617,-0.24625411540226433,64,"(64,)",1e-04,0.09172759,1,False,False,False,False,True
504,0.193389368057251,-0.24691458991233617,-0.24625411540226433,64,"(64,)",1e-04,0.8912509,1,False,False,False,False,True
505,0.1213602066040039,-0.21557923343644597,-0.21492363663963263,64,"(64,)",0.0005623413,1e-04,1,False,False,True,True,True
506,0.11916599273681641,-0.21557923343644597,-0.21492363663963263,64,"(64,)",0.0005623413,0.00097162795,1,False,False,True,False,True
507,0.11988921165466308,-0.21557923343644597,-0.21492363663963263,64,"(64,)",0.0005623413,0.009440608,1,False,False,True,False,True
508,0.11850876808166504,-0.21557923343644597,-0.21492363663963263,64,"(64,)",0.0005623413,0.09172759,1,False,False,True,False,True
509,0.12015104293823242,-0.21557923343644597,-0.21492363663963263,64,"(64,)",0.0005623413,0.8912509,1,False,False,True,False,True
510,0.1294811725616455,-0.0908892807839832,-0.08875789367174776,64,"(64,)",0.0031622776,1e-04,1,False,False,False,True,True
511,0.12995476722717286,-0.0908892807839832,-0.08875789367174776,64,"(64,)",0.0031622776,0.00097162795,1,False,False,False,False,True
512,0.12215743064880372,-0.0908892807839832,-0.08875789367174776,64,"(64,)",0.0031622776,0.009440608,1,False,False,False,False,True
513,0.12292914390563965,-0.0908892807839832,-0.08875789367174776,64,"(64,)",0.0031622776,0.09172759,1,False,False,False,False,True
514,0.12121686935424805,-0.0908892807839832,-0.08875789367174776,64,"(64,)",0.0031622776,0.8912509,1,False,False,False,False,True
515,0.1260730266571045,-0.08497869205657312,-0.074578998481185,64,"(64,)",0.017782794,1e-04,1,False,False,False,True,True
516,0.11953864097595215,-0.08497869205657312,-0.074578998481185,64,"(64,)",0.017782794,0.00097162795,1,False,False,False,False,True
517,0.11653079986572265,-0.08497869205657312,-0.074578998481185,64,"(64,)",0.017782794,0.009440608,1,False,False,False,False,True
518,0.12109003067016602,-0.08497869205657312,-0.074578998481185,64,"(64,)",0.017782794,0.09172759,1,False,False,False,False,True
519,0.1162327766418457,-0.08497869205657312,-0.074578998481185,64,"(64,)",0.017782794,0.8912509,1,False,False,False,False,True
520,0.21515989303588867,-0.08635991668051217,-0.06664868337716338,64,"(64,)",0.1,1e-04,1,False,False,False,True,True
521,0.2067626953125,-0.08635991668051217,-0.06664868337716338,64,"(64,)",0.1,0.00097162795,1,False,False,False,False,True
522,0.21188364028930665,-0.08635991668051217,-0.06664868337716338,64,"(64,)",0.1,0.009440608,1,False,False,False,False,True
523,0.21558189392089844,-0.08635991668051217,-0.06664868337716338,64,"(64,)",0.1,0.09172759,1,False,False,False,False,True
524,0.2127805233001709,-0.08635991668051217,-0.06664868337716338,64,"(64,)",0.1,0.8912509,1,False,False,False,False,True
525,0.36824855804443357,-0.13530154545518056,-0.134255008186222,64,"(32, 16)",1e-04,1e-04,1,False,False,False,True,True
526,0.3695812225341797,-0.13530154545518056,-0.134255008186222,64,"(32, 16)",1e-04,0.00097162795,1,False,False,False,False,True
527,0.38124260902404783,-0.13530154545518056,-0.134255008186222,64,"(32, 16)",1e-04,0.009440608,1,False,False,False,False,True
528,0.36426582336425783,-0.13530154545518056,-0.134255008186222,64,"(32, 16)",1e-04,0.09172759,1,False,False,False,False,True
529,0.367014217376709,-0.13530154545518056,-0.134255008186222,64,"(32, 16)",1e-04,0.8912509,1,False,False,False,False,True
530,0.1595452308654785,-0.1509391114852346,-0.15101900241436667,64,"(32, 16)",0.0005623413,1e-04,1,False,False,True,True,True
531,0.15570058822631835,-0.1509391114852346,-0.15101900241436667,64,"(32, 16)",0.0005623413,0.00097162795,1,False,False,True,False,True
532,0.16070013046264647,-0.1509391114852346,-0.15101900241436667,64,"(32, 16)",0.0005623413,0.009440608,1,False,False,True,False,True
533,0.1604278564453125,-0.1509391114852346,-0.15101900241436667,64,"(32, 16)",0.0005623413,0.09172759,1,False,False,True,False,True
534,0.16558780670166015,-0.1509391114852346,-0.15101900241436667,64,"(32, 16)",0.0005623413,0.8912509,1,False,False,True,False,True
535,0.1978302001953125,-0.07685737106695018,-0.06735297419621486,64,"(32, 16)",0.0031622776,1e-04,1,False,False,False,True,True
536,0.20644478797912597,-0.07685737106695018,-0.06735297419621486,64,"(32, 16)",0.0031622776,0.00097162795,1,False,False,False,False,True
537,0.19878568649291992,-0.07685737106695018,-0.06735297419621486,64,"(32, 16)",0.0031622776,0.009440608,1,False,False,False,False,True
538,0.20216517448425292,-0.07685737106695018,-0.06735297419621486,64,"(32, 16)",0.0031622776,0.09172759,1,False,False,False,False,True
539,0.20531282424926758,-0.07685737106695018,-0.06735297419621486,64,"(32, 16)",0.0031622776,0.8912509,1,False,False,False,False,True
540,0.1926058292388916,-0.0803515732250491,-0.0655126684314924,64,"(32, 16)",0.017782794,1e-04,1,False,False,False,True,True
541,0.1932889461517334,-0.0803515732250491,-0.0655126684314924,64,"(32, 16)",0.017782794,0.00097162795,1,False,False,False,False,True
542,0.20097074508666993,-0.0803515732250491,-0.0655126684314924,64,"(32, 16)",0.017782794,0.009440608,1,False,False,False,False,True
543,0.17732577323913573,-0.0803515732250491,-0.0655126684314924,64,"(32, 16)",0.017782794,0.09172759,1,False,False,False,False,True
544,0.1950777530670166,-0.0803515732250491,-0.0655126684314924,64,"(32, 16)",0.017782794,0.8912509,1,False,False,False,False,True
545,0.21622862815856933,-0.09495657985734121,-0.0725851312689433,64,"(32, 16)",0.1,1e-04,1,False,False,False,True,True
546,0.21640481948852539,-0.09495657985734121,-0.0725851312689433,64,"(32, 16)",0.1,0.00097162795,1,False,False,False,False,True
547,0.22496204376220702,-0.09495657985734121,-0.0725851312689433,64,"(32, 16)",0.1,0.009440608,1,False,False,False,False,True
548,0.22226266860961913,-0.09495657985734121,-0.0725851312689433,64,"(32, 16)",0.1,0.09172759,1,False,False,False,False,True
549,0.22199912071228028,-0.09495657985734121,-0.0725851312689433,64,"(32, 16)",0.1,0.8912509,1,False,False,False,False,True
550,0.23827056884765624,-0.24702210955272103,-0.24529061305544939,64,"(32, 32)",1e-04,1e-04,1,False,False,False,True,True
551,0.2421027183532715,-0.24702210955272103,-0.24529061305544939,64,"(32, 32)",1e-04,0.00097162795,1,False,False,False,False,True
552,0.23840608596801757,-0.24702210955272103,-0.24529061305544939,64,"(32, 32)",1e-04,0.009440608,1,False,False,False,False,True
553,0.23500261306762696,-0.24702210955272103,-0.24529061305544939,64,"(32, 32)",1e-04,0.09172759,1,False,False,False,False,True
554,0.23781723976135255,-0.24702210955272103,-0.24529061305544939,64,"(32, 32)",1e-04,0.8912509,1,False,False,False,False,True
555,0.1605991840362549,-0.1807239373258895,-0.1800746847148352,64,"(32, 32)",0.0005623413,1e-04,1,False,False,True,True,True
556,0.15762386322021485,-0.1807239373258895,-0.1800746847148352,64,"(32, 32)",0.0005623413,0.00097162795,1,False,False,True,False,True
557,0.1504845142364502,-0.1807239373258895,-0.1800746847148352,64,"(32, 32)",0.0005623413,0.009440608,1,False,False,True,False,True
558,0.14869403839111328,-0.1807239373258895,-0.1800746847148352,64,"(32, 32)",0.0005623413,0.09172759,1,False,False,True,False,True
559,0.15228848457336425,-0.1807239373258895,-0.1800746847148352,64,"(32, 32)",0.0005623413,0.8912509,1,False,False,True,False,True
560,0.16671376228332518,-0.08241873676381693,-0.07351058215917247,64,"(32, 32)",0.0031622776,1e-04,1,False,False,False,True,True
561,0.16574416160583497,-0.08241873676381693,-0.07351058215917247,64,"(32, 32)",0.0031622776,0.00097162795,1,False,False,False,False,True
562,0.1678555965423584,-0.08241873676381693,-0.07351058215917247,64,"(32, 32)",0.0031622776,0.009440608,1,False,False,False,False,True
563,0.16762824058532716,-0.08241873676381693,-0.07351058215917247,64,"(32, 32)",0.0031622776,0.09172759,1,False,False,False,False,True
564,0.16520476341247559,-0.08241873676381693,-0.07351058215917247,64,"(32, 32)",0.0031622776,0.8912509,1,False,False,False,False,True
565,0.32532377243041993,-0.08654455892633608,-0.056788188353060896,64,"(32, 32)",0.017782794,1e-04,1,False,False,False,True,True
566,0.3258191108703613,-0.08654455892633608,-0.056788188353060896,64,"(32, 32)",0.017782794,0.00097162795,1,False,False,False,False,True
567,0.30887408256530763,-0.08654455892633608,-0.056788188353060896,64,"(32, 32)",0.017782794,0.009440608,1,False,False,False,False,True
568,0.31219115257263186,-0.08654455892633608,-0.056788188353060896,64,"(32, 32)",0.017782794,0.09172759,1,False,False,False,False,True
569,0.3362753868103027,-0.08654455892633608,-0.056788188353060896,64,"(32, 32)",0.017782794,0.8912509,1,False,False,False,False,True
570,0.21957545280456542,-0.09573997521879282,-0.07102610610584578,64,"(32, 32)",0.1,1e-04,1,False,False,False,True,True
571,0.20855183601379396,-0.09573997521879282,-0.07102610610584578,64,"(32, 32)",0.1,0.00097162795,1,False,False,False,False,True
572,0.21799101829528808,-0.09573997521879282,-0.07102610610584578,64,"(32, 32)",0.1,0.009440608,1,False,False,False,False,True
573,0.2110353946685791,-0.09573997521879282,-0.07102610610584578,64,"(32, 32)",0.1,0.09172759,1,False,False,False,False,True
574,0.21246871948242188,-0.09573997521879282,-0.07102610610584578,64,"(32, 32)",0.1,0.8912509,1,False,False,False,False,True
575,0.27155265808105467,-0.20486121367065574,-0.20420684329693936,64,"(64, 32)",1e-04,1e-04,1,False,True,False,True,True
576,0.27690753936767576,-0.20486121367065574,-0.20420684329693936,64,"(64, 32)",1e-04,0.00097162795,1,False,True,False,False,True
577,0.2729682445526123,-0.20486121367065574,-0.20420684329693936,64,"(64, 32)",1e-04,0.009440608,1,False,True,False,False,True
578,0.2675506591796875,-0.20486121367065574,-0.20420684329693936,64,"(64, 32)",1e-04,0.09172759,1,False,True,False,False,True
579,0.26816091537475584,-0.20486121367065574,-0.20420684329693936,64,"(64, 32)",1e-04,0.8912509,1,False,True,False,False,True
580,0.24208469390869142,-0.13581180134414522,-0.13466880247747245,64,"(64, 32)",0.0005623413,1e-04,1,False,True,True,True,True
581,0.27158637046813966,-0.13581180134414522,-0.13466880247747245,64,"(64, 32)",0.0005623413,0.00097162795,1,False,True,True,False,True
582,0.25181121826171876,-0.13581180134414522,-0.13466880247747245,64,"(64, 32)",0.0005623413,0.009440608,1,False,True,True,False,True
583,0.24740104675292968,-0.13581180134414522,-0.13466880247747245,64,"(64, 32)",0.0005623413,0.09172759,1,False,True,True,False,True
584,0.22364568710327148,-0.13581180134414522,-0.13466880247747245,64,"(64, 32)",0.0005623413,0.8912509,1,False,True,True,False,True
585,0.32483649253845215,-0.07628291213917116,-0.059451850173972066,64,"(64, 32)",0.0031622776,1e-04,1,False,True,False,True,True
586,0.3263514518737793,-0.07628291213917116,-0.059451850173972066,64,"(64, 32)",0.0031622776,0.00097162795,1,False,True,False,False,True
587,0.3341794013977051,-0.07628291213917116,-0.059451850173972066,64,"(64, 32)",0.0031622776,0.009440608,1,False,True,False,False,True
588,0.3299449920654297,-0.07628291213917116,-0.059451850173972066,64,"(64, 32)",0.0031622776,0.09172759,1,False,True,False,False,True
589,0.3286130905151367,-0.07628291213917116,-0.059451850173972066,64,"(64, 32)",0.0031622776,0.8912509,1,False,True,False,False,True
590,0.3467700958251953,-0.0903122134994151,-0.057456886862195834,64,"(64, 32)",0.017782794,1e-04,1,False,True,False,True,True
591,0.3684999942779541,-0.0903122134994151,-0.057456886862195834,64,"(64, 32)",0.017782794,0.00097162795,1,False,True,False,False,True
592,0.38033714294433596,-0.0903122134994151,-0.057456886862195834,64,"(64, 32)",0.017782794,0.009440608,1,False,True,False,False,True
593,0.36455864906311036,-0.0903122134994151,-0.057456886862195834,64,"(64, 32)",0.017782794,0.09172759,1,False,True,False,False,True
594,0.3695626735687256,-0.0903122134994151,-0.057456886862195834,64,"(64, 32)",0.017782794,0.8912509,1,False,True,False,False,True
595,0.28371496200561525,-0.09139597900163324,-0.07237937310573148,64,"(64, 32)",0.1,1e-04,1,False,True,False,True,True
596,0.29086856842041015,-0.09139597900163324,-0.07237937310573148,64,"(64, 32)",0.1,0.00097162795,1,False,True,False,False,True
597,0.2856703758239746,-0.09139597900163324,-0.07237937310573148,64,"(64, 32)",0.1,0.009440608,1,False,True,False,False,True
598,0.2746098041534424,-0.09139597900163324,-0.07237937310573148,64,"(64, 32)",0.1,0.09172759,1,False,True,False,False,True
599,0.2431577682495117,-0.09139597900163324,-0.07237937310573148,64,"(64, 32)",0.1,0.8912509,1,False,True,False,False,True
